{"cameraMode":{"drawMode":0,"name":"Shaded","section":"Shading Mode"},"sceneLighting":true,"audioPlay":false,"sceneViewState":{"m_AlwaysRefresh":false,"showFog":true,"showSkybox":true,"showFlares":true,"showImageEffects":true,"showParticleSystems":true,"showVisualEffectGraphs":true,"m_FxEnabled":true},"in2DMode":false,"pivot":{"x":0.41420426964759829,"y":-14.71097183227539,"z":6.80165958404541},"rotation":{"x":-0.5033856630325317,"y":-0.007382798474282026,"z":0.004640499129891396,"w":-0.8642660975456238},"size":12.024484634399414,"orthographic":false}